weapon_name,weapon_link
List of weapons,/wiki/List_of_weapons
Guide:Class setups,/wiki/Guide:Class_setups
enemies,/wiki/Enemies
bosses,/wiki/Bosses
PvP,/wiki/PvP
Work Bench,/wiki/Work_Bench
Pre-Hardmode,/wiki/Pre-Hardmode_Anvils
Hardmode Anvil,/wiki/Hardmode_Anvil
Chests,/wiki/Chests#Natural_chests
NPCs,/wiki/NPCs
tools,/wiki/Tools
Traps,/wiki/Traps
NPCs,/wiki/NPCs
lava,/wiki/Lava
1Melee weapons,#Melee_weapons
1.1Swords,#Swords
1.2Yoyos,#Yoyos
1.3Spears,#Spears
1.4Boomerangs,#Boomerangs
1.5Flails,#Flails
1.6Other,#Other
2Ranged weapons,#Ranged_weapons
2.1Bows,#Bows
2.2Repeaters,#Repeaters
2.3Guns,#Guns
2.4Launchers,#Launchers
2.5Consumables,#Consumables
2.5.1Grenades,#Grenades
2.6Others,#Others
3Magic weapons,#Magic_weapons
3.1Wands,#Wands
3.2Magic guns,#Magic_guns
3.3Spell books,#Spell_books
3.4Others,#Others_2
4Summoning weapons,#Summoning_weapons
4.1Minion-summoning weapons,#Minion-summoning_weapons
4.2Sentry-summoning weapons,#Sentry-summoning_weapons
4.3Whips,#Whips
5Other weapons,#Other_weapons
5.1Placeable weapons,#Placeable_weapons
5.2Explosives,#Explosives
5.3Other weapons,#Other_weapons_2
5.4Unimplemented weapons,#Unimplemented_weapons
5.5Removed weapons,#Removed_weapons
6Notes,#Notes
Melee weapons,/wiki/Melee_weapons
Swords,/wiki/Swords
PC,/wiki/PC_version
Console,/wiki/Console_version
Mobile,/wiki/Mobile_version
tModLoader,/wiki/TModLoader
Copper Shortsword,/wiki/Copper_Shortsword
Tin Shortsword,/wiki/Tin_Shortsword
Wooden Sword,/wiki/Wooden_Sword
Boreal Wood Sword,/wiki/Boreal_Wood_Sword
Copper Broadsword,/wiki/Copper_Broadsword
Iron Shortsword,/wiki/Iron_Shortsword
Palm Wood Sword,/wiki/Palm_Wood_Sword
Rich Mahogany Sword,/wiki/Rich_Mahogany_Sword
Cactus Sword,/wiki/Cactus_Sword
Lead Shortsword,/wiki/Lead_Shortsword
Silver Shortsword,/wiki/Silver_Shortsword
Tin Broadsword,/wiki/Tin_Broadsword
Ebonwood Sword,/wiki/Ebonwood_Sword
Iron Broadsword,/wiki/Iron_Broadsword
Shadewood Sword,/wiki/Shadewood_Sword
Tungsten Shortsword,/wiki/Tungsten_Shortsword
Gold Shortsword,/wiki/Gold_Shortsword
Lead Broadsword,/wiki/Lead_Broadsword
Silver Broadsword,/wiki/Silver_Broadsword
Ash Wood Sword,/wiki/Ash_Wood_Sword
Flymeal,/wiki/Flymeal
Bladed Glove,/wiki/Bladed_Glove
Tungsten Broadsword,/wiki/Tungsten_Broadsword
Zombie Arm,/wiki/Zombie_Arm
Gold Broadsword,/wiki/Gold_Broadsword
Platinum Shortsword,/wiki/Platinum_Shortsword
Mandible Blade,/wiki/Mandible_Blade
Stylish Scissors,/wiki/Stylish_Scissors
Ruler,/wiki/Ruler
Platinum Broadsword,/wiki/Platinum_Broadsword
Umbrella,/wiki/Umbrella
Breathing Reed,/wiki/Breathing_Reed
Gladius,/wiki/Gladius
Bone Sword,/wiki/Bone_Sword
Bat Bat,/wiki/Bat_Bat
Tentacle Spike,/wiki/Tentacle_Spike
Candy Cane Sword,/wiki/Candy_Cane_Sword
Katana,/wiki/Katana
Ice Blade,/wiki/Ice_Blade
Light's Bane,/wiki/Light%27s_Bane
Tragic Umbrella,/wiki/Tragic_Umbrella
Muramasa,/wiki/Muramasa
Exotic Scimitar,/wiki/Exotic_Scimitar
Phaseblade,/wiki/Phaseblade
Blood Butcherer,/wiki/Blood_Butcherer
Starfury,/wiki/Starfury
Enchanted Sword,/wiki/Enchanted_Sword_(item)
Purple Clubberfish,/wiki/Purple_Clubberfish
Bee Keeper,/wiki/Bee_Keeper
Falcon Blade,/wiki/Falcon_Blade
Blade of Grass,/wiki/Blade_of_Grass
Volcano,/wiki/Volcano
Night's Edge,/wiki/Night%27s_Edge
Pearlwood Sword,/wiki/Pearlwood_Sword
Classy Cane,/wiki/Classy_Cane
Slap Hand,/wiki/Slap_Hand
Cobalt Sword,/wiki/Cobalt_Sword
Palladium Sword,/wiki/Palladium_Sword
Phasesaber,/wiki/Phasesaber
[1],#cite_note-Phasesaber-1
Ice Sickle,/wiki/Ice_Sickle
Brand of the Inferno,/wiki/Brand_of_the_Inferno
Mythril Sword,/wiki/Mythril_Sword
Orichalcum Sword,/wiki/Orichalcum_Sword
Breaker Blade,/wiki/Breaker_Blade
Cutlass,/wiki/Cutlass
Frostbrand,/wiki/Frostbrand
Adamantite Sword,/wiki/Adamantite_Sword
Beam Sword,/wiki/Beam_Sword
Titanium Sword,/wiki/Titanium_Sword
Fetid Baghnakhs,/wiki/Fetid_Baghnakhs
Bladetongue,/wiki/Bladetongue
Tizona,/wiki/Tizona
Ham Bat,/wiki/Ham_Bat
Excalibur,/wiki/Excalibur
True Excalibur,/wiki/True_Excalibur
Chlorophyte Saber,/wiki/Chlorophyte_Saber
Death Sickle,/wiki/Death_Sickle
Psycho Knife,/wiki/Psycho_Knife
Keybrand,/wiki/Keybrand
Chlorophyte Claymore,/wiki/Chlorophyte_Claymore
The Horseman's Blade,/wiki/The_Horseman%27s_Blade
Christmas Tree Sword,/wiki/Christmas_Tree_Sword
True Night's Edge,/wiki/True_Night%27s_Edge
Seedler,/wiki/Seedler
Flying Dragon,/wiki/Flying_Dragon
Starlight,/wiki/Starlight
Terra Blade,/wiki/Terra_Blade
Influx Waver,/wiki/Influx_Waver
Star Wrath,/wiki/Star_Wrath
Meowmere,/wiki/Meowmere
↑,#cite_ref-Phasesaber_1-0
PC version,/wiki/PC_version
Console version,/wiki/Console_version
Old-gen console version,/wiki/Old-gen_console_version
Mobile version,/wiki/Mobile_version
Old Chinese version,/wiki/Old_Chinese_version
tModLoader version,/wiki/TModLoader
tModLoader 1.3-Legacy version,/wiki/TModLoader
Windows Phone version,/wiki/Windows_Phone_version
Nintendo3DS,/wiki/3DS_version
version,/wiki/3DS_version
Yoyos,/wiki/Yoyos
Wooden Yoyo,/wiki/Wooden_Yoyo
Rally,/wiki/Rally
Malaise,/wiki/Malaise
Artery,/wiki/Artery
Amazon,/wiki/Amazon
Code 1,/wiki/Code_1
Valor,/wiki/Valor
Cascade,/wiki/Cascade
Hive-Five,/wiki/Hive-Five
Format:C,/wiki/Format:C
Gradient,/wiki/Gradient
Chik,/wiki/Chik
Hel-Fire,/wiki/Hel-Fire
Amarok,/wiki/Amarok
Code 2,/wiki/Code_2
Yelets,/wiki/Yelets
Red's Throw,/wiki/Red%27s_Throw
Valkyrie Yoyo,/wiki/Valkyrie_Yoyo
Kraken,/wiki/Kraken
The Eye of Cthulhu,/wiki/The_Eye_of_Cthulhu
Terrarian,/wiki/Terrarian
Spears,/wiki/Spears
Spear,/wiki/Spear
Trident,/wiki/Trident
Storm Spear,/wiki/Storm_Spear
The Rotted Fork,/wiki/The_Rotted_Fork
Swordfish,/wiki/Swordfish
Dark Lance,/wiki/Dark_Lance
Cobalt Naginata,/wiki/Cobalt_Naginata
Palladium Pike,/wiki/Palladium_Pike
Mythril Halberd,/wiki/Mythril_Halberd
Orichalcum Halberd,/wiki/Orichalcum_Halberd
Adamantite Glaive,/wiki/Adamantite_Glaive
Titanium Trident,/wiki/Titanium_Trident
Gungnir,/wiki/Gungnir
Ghastly Glaive,/wiki/Ghastly_Glaive
Chlorophyte Partisan,/wiki/Chlorophyte_Partisan
Tonbogiri,/wiki/Tonbogiri
Mushroom Spear,/wiki/Mushroom_Spear
Obsidian Swordfish,/wiki/Obsidian_Swordfish
North Pole,/wiki/North_Pole
Boomerangs,/wiki/Boomerangs
Wooden Boomerang,/wiki/Wooden_Boomerang
Enchanted Boomerang,/wiki/Enchanted_Boomerang
Fruitcake Chakram,/wiki/Fruitcake_Chakram
Bloody Machete,/wiki/Bloody_Machete
Shroomerang,/wiki/Shroomerang
Ice Boomerang,/wiki/Ice_Boomerang
Trimarang,/wiki/Trimarang
Thorn Chakram,/wiki/Thorn_Chakram
Combat Wrench,/wiki/Combat_Wrench
Flamarang,/wiki/Flamarang
Flying Knife,/wiki/Flying_Knife
Sergeant United Shield,/wiki/Sergeant_United_Shield
Light Disc,/wiki/Light_Disc
Bananarang,/wiki/Bananarang
Possessed Hatchet,/wiki/Possessed_Hatchet
Paladin's Hammer,/wiki/Paladin%27s_Hammer
Flails,/wiki/Flails
Chain Knife,/wiki/Chain_Knife
Mace,/wiki/Mace
Flaming Mace,/wiki/Flaming_Mace
Ball O' Hurt,/wiki/Ball_O%27_Hurt
The Meatball,/wiki/The_Meatball
Blue Moon,/wiki/Blue_Moon
Sunfury,/wiki/Sunfury
Anchor,/wiki/Anchor
KO Cannon,/wiki/KO_Cannon
Drippler Crippler,/wiki/Drippler_Crippler
Chain Guillotines,/wiki/Chain_Guillotines
Dao of Pow,/wiki/Dao_of_Pow
Flower Pow,/wiki/Flower_Pow
Golem Fist,/wiki/Golem_Fist
Flairon,/wiki/Flairon
Terragrim,/wiki/Terragrim
Arkhalis,/wiki/Arkhalis
Jousting Lance,/wiki/Jousting_Lance
Shadowflame Knife,/wiki/Shadowflame_Knife
Hallowed Jousting Lance,/wiki/Hallowed_Jousting_Lance
Sleepy Octopod,/wiki/Sleepy_Octopod
Scourge of the Corruptor,/wiki/Scourge_of_the_Corruptor
Shadow Jousting Lance,/wiki/Shadow_Jousting_Lance
Vampire Knives,/wiki/Vampire_Knives
Sky Dragon's Fury,/wiki/Sky_Dragon%27s_Fury
Daybreak,/wiki/Daybreak
Solar Eruption,/wiki/Solar_Eruption
Zenith,/wiki/Zenith
Ranged weapons,/wiki/Ranged_weapons
Bows,/wiki/Bows
arrows,/wiki/Arrows
ammunition,/wiki/Ammunition
Wooden Bow,/wiki/Wooden_Bow
Boreal Wood Bow,/wiki/Boreal_Wood_Bow
Copper Bow,/wiki/Copper_Bow
Palm Wood Bow,/wiki/Palm_Wood_Bow
Rich Mahogany Bow,/wiki/Rich_Mahogany_Bow
Tin Bow,/wiki/Tin_Bow
Ebonwood Bow,/wiki/Ebonwood_Bow
Iron Bow,/wiki/Iron_Bow
Shadewood Bow,/wiki/Shadewood_Bow
Lead Bow,/wiki/Lead_Bow
Silver Bow,/wiki/Silver_Bow
Ash Wood Bow,/wiki/Ash_Wood_Bow
Tungsten Bow,/wiki/Tungsten_Bow
Gold Bow,/wiki/Gold_Bow
Platinum Bow,/wiki/Platinum_Bow
Demon Bow,/wiki/Demon_Bow
Tendon Bow,/wiki/Tendon_Bow
Blood Rain Bow,/wiki/Blood_Rain_Bow
The Bee's Knees,/wiki/The_Bee%27s_Knees
Hellwing Bow,/wiki/Hellwing_Bow
Molten Fury,/wiki/Molten_Fury
Sharanga,/wiki/Sharanga
Pearlwood Bow,/wiki/Pearlwood_Bow
Marrow,/wiki/Marrow
Ice Bow,/wiki/Ice_Bow
Daedalus Stormbow,/wiki/Daedalus_Stormbow
Shadowflame Bow,/wiki/Shadowflame_Bow
Phantom Phoenix,/wiki/Phantom_Phoenix
Pulse Bow,/wiki/Pulse_Bow
Aerial Bane,/wiki/Aerial_Bane
Tsunami,/wiki/Tsunami
Eventide,/wiki/Eventide
Phantasm,/wiki/Phantasm
Repeaters,/wiki/Repeaters
Cobalt Repeater,/wiki/Cobalt_Repeater
Palladium Repeater,/wiki/Palladium_Repeater
Mythril Repeater,/wiki/Mythril_Repeater
Orichalcum Repeater,/wiki/Orichalcum_Repeater
Adamantite Repeater,/wiki/Adamantite_Repeater
Titanium Repeater,/wiki/Titanium_Repeater
Hallowed Repeater,/wiki/Hallowed_Repeater
Vulcan Repeater,/wiki/Vulcan_Repeater
Chlorophyte Shotbow,/wiki/Chlorophyte_Shotbow
Stake Launcher,/wiki/Stake_Launcher
Guns,/wiki/Guns
bullets,/wiki/Bullets
Red Ryder,/wiki/Red_Ryder
Flintlock Pistol,/wiki/Flintlock_Pistol
Musket,/wiki/Musket
The Undertaker,/wiki/The_Undertaker
Sandgun,/wiki/Sandgun
Revolver,/wiki/Revolver
Minishark,/wiki/Minishark
Boomstick,/wiki/Boomstick
Quad-Barrel Shotgun,/wiki/Quad-Barrel_Shotgun
Handgun,/wiki/Handgun
Phoenix Blaster,/wiki/Phoenix_Blaster
Pew-matic Horn,/wiki/Pew-matic_Horn
Clockwork Assault Rifle,/wiki/Clockwork_Assault_Rifle
Gatligator,/wiki/Gatligator
Shotgun,/wiki/Shotgun
Onyx Blaster,/wiki/Onyx_Blaster
Coin Gun,/wiki/Coin_Gun
Uzi,/wiki/Uzi
Megashark,/wiki/Megashark
Venus Magnum,/wiki/Venus_Magnum
Tactical Shotgun,/wiki/Tactical_Shotgun
Sniper Rifle,/wiki/Sniper_Rifle
Candy Corn Rifle,/wiki/Candy_Corn_Rifle
Chain Gun,/wiki/Chain_Gun
Xenopopper,/wiki/Xenopopper
Vortex Beater,/wiki/Vortex_Beater
S.D.M.G.,/wiki/S.D.M.G.
Launchers,/wiki/Launchers
rockets,/wiki/Rockets
Grenade Launcher,/wiki/Grenade_Launcher
Proximity Mine Launcher,/wiki/Proximity_Mine_Launcher
Rocket Launcher,/wiki/Rocket_Launcher
Nail Gun,/wiki/Nail_Gun
Stynger,/wiki/Stynger
Jack 'O Lantern Launcher,/wiki/Jack_%27O_Lantern_Launcher
Snowman Cannon,/wiki/Snowman_Cannon
Celebration,/wiki/Celebration
Electrosphere Launcher,/wiki/Electrosphere_Launcher
Celebration Mk2,/wiki/Celebration_Mk2
Paper Airplane,/wiki/Paper_Airplane
White Paper Airplane,/wiki/White_Paper_Airplane
Shuriken,/wiki/Shuriken
Throwing Knife,/wiki/Throwing_Knife
Poisoned Knife,/wiki/Poisoned_Knife
Snowball,/wiki/Snowball
Spiky Ball,/wiki/Spiky_Ball
Bone,/wiki/Bone
Rotten Egg,/wiki/Rotten_Egg
Star Anise,/wiki/Star_Anise
Molotov Cocktail,/wiki/Molotov_Cocktail
Frost Daggerfish,/wiki/Frost_Daggerfish
Javelin,/wiki/Javelin
Bone Javelin,/wiki/Bone_Javelin
Bone Throwing Knife,/wiki/Bone_Throwing_Knife
Grenade,/wiki/Grenade
Sticky Grenade,/wiki/Sticky_Grenade
Bouncy Grenade,/wiki/Bouncy_Grenade
Beenade,/wiki/Beenade
Happy Grenade,/wiki/Happy_Grenade
damage,/wiki/Damage
knockback,/wiki/Knockback
Weapon Rack,/wiki/Weapon_Rack
Flare Gun,/wiki/Flare_Gun
Ale Tosser,/wiki/Ale_Tosser
Blowpipe,/wiki/Blowpipe
Blowgun,/wiki/Blowgun
Snowball Cannon,/wiki/Snowball_Cannon
Paintball Gun,/wiki/Paintball_Gun
Harpoon,/wiki/Harpoon
Egg Cannon,/wiki/Egg_Cannon
Star Cannon,/wiki/Star_Cannon
Toxikarp,/wiki/Toxikarp
Dart Pistol,/wiki/Dart_Pistol
Dart Rifle,/wiki/Dart_Rifle
Flamethrower,/wiki/Flamethrower
Piranha Gun,/wiki/Piranha_Gun
Elf Melter,/wiki/Elf_Melter
Super Star Shooter,/wiki/Super_Star_Shooter
Magic weapons,/wiki/Magic_weapons
Wand of Sparking,/wiki/Wand_of_Sparking
Wand of Frosting,/wiki/Wand_of_Frosting
Thunder Zapper,/wiki/Thunder_Zapper
Amethyst Staff,/wiki/Amethyst_Staff
Topaz Staff,/wiki/Topaz_Staff
Sapphire Staff,/wiki/Sapphire_Staff
Emerald Staff,/wiki/Emerald_Staff
Ruby Staff,/wiki/Ruby_Staff
Diamond Staff,/wiki/Diamond_Staff
Amber Staff,/wiki/Amber_Staff
Vilethorn,/wiki/Vilethorn
Weather Pain,/wiki/Weather_Pain
Magic Missile,/wiki/Magic_Missile
Aqua Scepter,/wiki/Aqua_Scepter
Flower of Fire,/wiki/Flower_of_Fire
Flamelash,/wiki/Flamelash
Sky Fracture,/wiki/Sky_Fracture
Crystal Serpent,/wiki/Crystal_Serpent
Flower of Frost,/wiki/Flower_of_Frost
Frost Staff,/wiki/Frost_Staff
Crystal Vile Shard,/wiki/Crystal_Vile_Shard
Life Drain,/wiki/Life_Drain
Meteor Staff,/wiki/Meteor_Staff
Poison Staff,/wiki/Poison_Staff
Rainbow Rod,/wiki/Rainbow_Rod
Unholy Trident,/wiki/Unholy_Trident
Tome of Infinite Wisdom,/wiki/Tome_of_Infinite_Wisdom
Venom Staff,/wiki/Venom_Staff
Nettle Burst,/wiki/Nettle_Burst
Bat Scepter,/wiki/Bat_Scepter
Blizzard Staff,/wiki/Blizzard_Staff
Inferno Fork,/wiki/Inferno_Fork
Shadowbeam Staff,/wiki/Shadowbeam_Staff
Spectre Staff,/wiki/Spectre_Staff
Resonance Scepter,/wiki/Resonance_Scepter
Razorpine,/wiki/Razorpine
Staff of Earth,/wiki/Staff_of_Earth
Betsy's Wrath,/wiki/Betsy%27s_Wrath
Gray Zapinator,/wiki/Gray_Zapinator
Space Gun,/wiki/Space_Gun
Bee Gun,/wiki/Bee_Gun
Roman candle,/wiki/Roman_candle
Laser Rifle,/wiki/Laser_Rifle
Orange Zapinator,/wiki/Orange_Zapinator
Zapinator,/wiki/Zapinator
Wasp Gun,/wiki/Wasp_Gun
Leaf Blower,/wiki/Leaf_Blower
Rainbow Gun,/wiki/Rainbow_Gun
Heat Ray,/wiki/Heat_Ray
Laser Machinegun,/wiki/Laser_Machinegun
Charged Blaster Cannon,/wiki/Charged_Blaster_Cannon
Bubble Gun,/wiki/Bubble_Gun
Water Bolt,/wiki/Water_Bolt
Book of Skulls,/wiki/Book_of_Skulls
Demon Scythe,/wiki/Demon_Scythe
Cursed Flames,/wiki/Cursed_Flames
Golden Shower,/wiki/Golden_Shower
Crystal Storm,/wiki/Crystal_Storm
Magnet Sphere,/wiki/Magnet_Sphere
Razorblade Typhoon,/wiki/Razorblade_Typhoon
Lunar Flare,/wiki/Lunar_Flare
Crimson Rod,/wiki/Crimson_Rod
Ice Rod,/wiki/Ice_Rod
Clinger Staff,/wiki/Clinger_Staff
Nimbus Rod,/wiki/Nimbus_Rod
Magic Dagger,/wiki/Magic_Dagger
Medusa Head,/wiki/Medusa_Head
Spirit Flame,/wiki/Spirit_Flame
Shadowflame Hex Doll,/wiki/Shadowflame_Hex_Doll
Blood Thorn,/wiki/Blood_Thorn
Magical Harp,/wiki/Magical_Harp
Toxic Flask,/wiki/Toxic_Flask
Nightglow,/wiki/Nightglow
Stellar Tune,/wiki/Stellar_Tune
Nebula Arcanum,/wiki/Nebula_Arcanum
Nebula Blaze,/wiki/Nebula_Blaze
Last Prism,/wiki/Last_Prism
Summon weapons,/wiki/Summon_weapons
Finch Staff,/wiki/Finch_Staff
Slime Staff,/wiki/Slime_Staff
Flinx Staff,/wiki/Flinx_Staff
Abigail's Flower,/wiki/Abigail%27s_Flower
Hornet Staff,/wiki/Hornet_Staff
Vampire Frog Staff,/wiki/Vampire_Frog_Staff
Imp Staff,/wiki/Imp_Staff
Blade Staff,/wiki/Blade_Staff
Spider Staff,/wiki/Spider_Staff
Pirate Staff,/wiki/Pirate_Staff
Sanguine Staff,/wiki/Sanguine_Staff
Optic Staff,/wiki/Optic_Staff
Deadly Sphere Staff,/wiki/Deadly_Sphere_Staff
Pygmy Staff,/wiki/Pygmy_Staff
Raven Staff,/wiki/Raven_Staff
Desert Tiger Staff,/wiki/Desert_Tiger_Staff
Tempest Staff,/wiki/Tempest_Staff
Terraprisma,/wiki/Terraprisma
Xeno Staff,/wiki/Xeno_Staff
Stardust Cell Staff,/wiki/Stardust_Cell_Staff
Stardust Dragon Staff,/wiki/Stardust_Dragon_Staff
Lightning Aura Rod,/wiki/Lightning_Aura_Rod
Flameburst Rod,/wiki/Flameburst_Rod
Explosive Trap Rod,/wiki/Explosive_Trap_Rod
Ballista Rod,/wiki/Ballista_Rod
Houndius Shootius,/wiki/Houndius_Shootius
Queen Spider Staff,/wiki/Queen_Spider_Staff
Lightning Aura Cane,/wiki/Lightning_Aura_Cane
Flameburst Cane,/wiki/Flameburst_Cane
Explosive Trap Cane,/wiki/Explosive_Trap_Cane
Ballista Cane,/wiki/Ballista_Cane
Staff of the Frost Hydra,/wiki/Staff_of_the_Frost_Hydra
Lightning Aura Staff,/wiki/Lightning_Aura_Staff
Flameburst Staff,/wiki/Flameburst_Staff
Explosive Trap Staff,/wiki/Explosive_Trap_Staff
Ballista Staff,/wiki/Ballista_Staff
Lunar Portal Staff,/wiki/Lunar_Portal_Staff
Rainbow Crystal Staff,/wiki/Rainbow_Crystal_Staff
Solar Eruption,/wiki/Solar_Eruption
Leather Whip,/wiki/Leather_Whip
Snapthorn,/wiki/Snapthorn
Spinal Tap,/wiki/Spinal_Tap
Firecracker,/wiki/Firecracker
Cool Whip,/wiki/Cool_Whip
Durendal,/wiki/Durendal
Dark Harvest,/wiki/Dark_Harvest
Morning Star,/wiki/Morning_Star
Kaleidoscope,/wiki/Kaleidoscope
Snowball Launcher,/wiki/Snowball_Launcher
Cannon,/wiki/Cannon
Bunny Cannon,/wiki/Bunny_Cannon
Land Mine,/wiki/Land_Mine
Explosives (class),/wiki/Explosives_(class)
Bomb,/wiki/Bomb
Sticky Bomb,/wiki/Sticky_Bomb
Bouncy Bomb,/wiki/Bouncy_Bomb
Scarab Bomb,/wiki/Scarab_Bomb
Dynamite,/wiki/Dynamite
Sticky Dynamite,/wiki/Sticky_Dynamite
Bouncy Dynamite,/wiki/Bouncy_Dynamite
Bomb Fish,/wiki/Bomb_Fish
Holy Hand Grenade,/wiki/Holy_Hand_Grenade
Holy Water,/wiki/Holy_Water
Unholy Water,/wiki/Unholy_Water
Blood Water,/wiki/Blood_Water
Unobtainable items,/wiki/Unobtainable_items
PC,/wiki/Category:PC_content
Console,/wiki/Category:Console_content
Mobile,/wiki/Category:Mobile_content
tModLoader,/wiki/Category:TModLoader_content
tModLoader 1.3-Legacy,/wiki/Category:TModLoader_1.3-Legacy_content
PC,/wiki/PC_version
Console,/wiki/Console_version
Mobile,/wiki/Mobile_version
tModLoader,/wiki/TModLoader
tModLoader Legacy,/wiki/TModLoader
Terraria,/wiki/Terraria
Boring Bow,/wiki/Boring_Bow
Etherian Javelin,/wiki/Etherian_Javelin
First Fractal,/wiki/First_Fractal
Skull Bow,/wiki/Skull_Bow
Unobtainable items,/wiki/Unobtainable_items
content that was removed or replaced,/wiki/Category:Historical_content
Terraria,/wiki/Terraria
PC,/wiki/Category:PC_content
PC,/wiki/PC_version
Terraria,/wiki/Terraria
Scythe,/wiki/Scythe
Soul Scythe,/wiki/Soul_Scythe
Icemourne,/wiki/Icemourne
V,https://terraria.fandom.com/wiki/Template:Master_Template_Weapons/content
D,https://terraria.fandom.com/wiki/Template_talk:Master_Template_Weapons/content
E,https://terraria.fandom.com/wiki/Template:Master_Template_Weapons/content?action=edit
P,https://terraria.fandom.com/wiki/Template:Master_Template_Weapons?action=purge
(List),/wiki/List_of_weapons
Melee weapons,/wiki/Melee_weapons
Ranged weapons,/wiki/Ranged_weapons
Magic weapons,/wiki/Magic_weapons
Summoning weapons,/wiki/Summoning_weapons
Throwing weapons,/wiki/Throwing_weapons
Ore,/wiki/Ores
Swords,/wiki/Swords
Copper,/wiki/Copper_Shortsword
Tin,/wiki/Tin_Shortsword
Iron,/wiki/Iron_Shortsword
Lead,/wiki/Lead_Shortsword
Silver,/wiki/Silver_Shortsword
Tungsten,/wiki/Tungsten_Shortsword
Gold,/wiki/Gold_Shortsword
Platinum,/wiki/Platinum_Shortsword
Copper,/wiki/Copper_Broadsword
Tin,/wiki/Tin_Broadsword
Iron,/wiki/Iron_Broadsword
Lead,/wiki/Lead_Broadsword
Silver,/wiki/Silver_Broadsword
Tungsten,/wiki/Tungsten_Broadsword
Gold,/wiki/Gold_Broadsword
Platinum,/wiki/Platinum_Broadsword
Light's Bane,/wiki/Light%27s_Bane
Blood Butcherer,/wiki/Blood_Butcherer
Fiery Greatsword,/wiki/Fiery_Greatsword
Cobalt,/wiki/Cobalt_Sword
Palladium,/wiki/Palladium_Sword
Mythril,/wiki/Mythril_Sword
Orichalcum,/wiki/Orichalcum_Sword
Adamantite,/wiki/Adamantite_Sword
Titanium,/wiki/Titanium_Sword
Saber,/wiki/Chlorophyte_Saber
Claymore,/wiki/Chlorophyte_Claymore
Wooden Sword,/wiki/Wooden_Sword
Boreal,/wiki/Boreal_Wood_Sword
Palm,/wiki/Palm_Wood_Sword
Mahogany,/wiki/Rich_Mahogany_Sword
Ebonwood,/wiki/Ebonwood_Sword
Shadewood,/wiki/Shadewood_Sword
Ash,/wiki/Ash_Wood_Sword
Cactus Sword,/wiki/Cactus_Sword
Zombie Arm,/wiki/Zombie_Arm
Gladius,/wiki/Gladius
Ruler,/wiki/Ruler
Umbrella,/wiki/Umbrella
Tentacle Spike,/wiki/Tentacle_Spike
Mandible Blade,/wiki/Mandible_Blade
Bladed Glove,/wiki/Bladed_Glove
Stylish Scissors,/wiki/Stylish_Scissors
Candy Cane Sword,/wiki/Candy_Cane_Sword
Bat Bat,/wiki/Bat_Bat
Bone Sword,/wiki/Bone_Sword
Katana,/wiki/Katana
Ice Blade,/wiki/Ice_Blade
Muramasa,/wiki/Muramasa
Exotic Scimitar,/wiki/Exotic_Scimitar
Phaseblade,/wiki/Phaseblade
Starfury,/wiki/Starfury
Purple Clubberfish,/wiki/Purple_Clubberfish
Enchanted Sword,/wiki/Enchanted_Sword_(item)
Bee Keeper,/wiki/Bee_Keeper
Blade of Grass,/wiki/Blade_of_Grass
Falcon Blade,/wiki/Falcon_Blade
Night's Edge,/wiki/Night%27s_Edge
Hardmode,/wiki/Hardmode
Pearlwood Sword,/wiki/Pearlwood_Sword
Classy Cane,/wiki/Classy_Cane
Ham Bat,/wiki/Ham_Bat
Slap Hand,/wiki/Slap_Hand
Breaker Blade,/wiki/Breaker_Blade
Phasesaber,/wiki/Phasesaber
Ice Sickle,/wiki/Ice_Sickle
Cutlass,/wiki/Cutlass
Frostbrand,/wiki/Frostbrand
Excalibur,/wiki/Excalibur
Seedler,/wiki/Seedler
Beam Sword,/wiki/Beam_Sword
Bladetongue,/wiki/Bladetongue
Brand of the Inferno,/wiki/Brand_of_the_Inferno
Death Sickle,/wiki/Death_Sickle
Fetid Baghnakhs,/wiki/Fetid_Baghnakhs
Keybrand,/wiki/Keybrand
Psycho Knife,/wiki/Psycho_Knife
Flying Dragon,/wiki/Flying_Dragon
The Horseman's Blade,/wiki/The_Horseman%27s_Blade
Christmas Tree Sword,/wiki/Christmas_Tree_Sword
True Excalibur,/wiki/True_Excalibur
True Night's Edge,/wiki/True_Night%27s_Edge
Terra Blade,/wiki/Terra_Blade
Influx Waver,/wiki/Influx_Waver
Starlight,/wiki/Starlight
Star Wrath,/wiki/Star_Wrath
Meowmere,/wiki/Meowmere
Tizona,/wiki/Tizona
Spears,/wiki/Spears
Ore,/wiki/Ores
Cobalt Naginata,/wiki/Cobalt_Naginata
Palladium Pike,/wiki/Palladium_Pike
Mythril Halberd,/wiki/Mythril_Halberd
Orichalcum Halberd,/wiki/Orichalcum_Halberd
Adamantite Glaive,/wiki/Adamantite_Glaive
Titanium Trident,/wiki/Titanium_Trident
Gungnir,/wiki/Gungnir
Chlorophyte Partisan,/wiki/Chlorophyte_Partisan
Spear,/wiki/Spear
Trident,/wiki/Trident
Storm Spear,/wiki/Storm_Spear
The Rotted Fork,/wiki/The_Rotted_Fork
Swordfish,/wiki/Swordfish
Dark Lance,/wiki/Dark_Lance
Mushroom Spear,/wiki/Mushroom_Spear
Ghastly Glaive,/wiki/Ghastly_Glaive
Obsidian Swordfish,/wiki/Obsidian_Swordfish
North Pole,/wiki/North_Pole
Tonbogiri,/wiki/Tonbogiri
Boomerangs,/wiki/Boomerangs
Wooden,/wiki/Wooden_Boomerang
Enchanted,/wiki/Enchanted_Boomerang
Ice,/wiki/Ice_Boomerang
Shroomerang,/wiki/Shroomerang
Fruitcake Chakram,/wiki/Fruitcake_Chakram
Bloody Machete,/wiki/Bloody_Machete
Thorn Chakram,/wiki/Thorn_Chakram
Combat Wrench,/wiki/Combat_Wrench
Flamarang,/wiki/Flamarang
Flying Knife,/wiki/Flying_Knife
Light Disc,/wiki/Light_Disc
Bananarang,/wiki/Bananarang
Sergeant United Shield,/wiki/Sergeant_United_Shield
Paladin's Hammer,/wiki/Paladin%27s_Hammer
Possessed Hatchet,/wiki/Possessed_Hatchet
Flails,/wiki/Flails
Chain Knife,/wiki/Chain_Knife
Mace,/wiki/Mace
Flaming Mace,/wiki/Flaming_Mace
Ball O' Hurt,/wiki/Ball_O%27_Hurt
The Meatball,/wiki/The_Meatball
Blue Moon,/wiki/Blue_Moon
Anchor,/wiki/Anchor
Sunfury,/wiki/Sunfury
KO Cannon,/wiki/KO_Cannon
Chain Guillotines,/wiki/Chain_Guillotines
Dao of Pow,/wiki/Dao_of_Pow
Drippler Crippler,/wiki/Drippler_Crippler
Flower Pow,/wiki/Flower_Pow
Golem Fist,/wiki/Golem_Fist
Flairon,/wiki/Flairon
Yoyos,/wiki/Yoyos
Wooden Yoyo,/wiki/Wooden_Yoyo
Rally,/wiki/Rally
Malaise,/wiki/Malaise
Artery,/wiki/Artery
Amazon,/wiki/Amazon
Code 1,/wiki/Code_1
Valor,/wiki/Valor
Cascade,/wiki/Cascade
Format:C,/wiki/Format:C
Chik,/wiki/Chik
Hel-Fire,/wiki/Hel-Fire
Amarok,/wiki/Amarok
Code 2,/wiki/Code_2
Gradient,/wiki/Gradient
Yelets,/wiki/Yelets
Red's Throw,/wiki/Red%27s_Throw
Valkyrie Yoyo,/wiki/Valkyrie_Yoyo
Kraken,/wiki/Kraken
The Eye of Cthulhu,/wiki/The_Eye_of_Cthulhu
Terrarian,/wiki/Terrarian
Terragrim,/wiki/Terragrim
Arkhalis,/wiki/Arkhalis
Shadowflame Knife,/wiki/Shadowflame_Knife
Jousting Lance,/wiki/Jousting_Lance
Hallowed,/wiki/Hallowed_Jousting_Lance
Shadow,/wiki/Shadow_Jousting_Lance
Sleepy Octopod,/wiki/Sleepy_Octopod
Scourge of the Corruptor,/wiki/Scourge_of_the_Corruptor
Vampire Knives,/wiki/Vampire_Knives
Sky Dragon's Fury,/wiki/Sky_Dragon%27s_Fury
Daybreak,/wiki/Daybreak
Solar Eruption,/wiki/Solar_Eruption
Zenith,/wiki/Zenith
Scythe,/wiki/Scythe
Soul Scythe,/wiki/Soul_Scythe
Icemourne,/wiki/Icemourne
Arrow consuming,/wiki/Arrows
Bows,/wiki/Bows
Wooden,/wiki/Wooden_Bow
Boreal,/wiki/Boreal_Wood_Bow
Palm,/wiki/Palm_Wood_Bow
Rich Mahogany,/wiki/Rich_Mahogany_Bow
Ebonwood,/wiki/Ebonwood_Bow
Shadewood,/wiki/Shadewood_Bow
Pearlwood,/wiki/Pearlwood_Bow
Ash,/wiki/Ash_Wood_Bow
Copper,/wiki/Copper_Bow
Tin,/wiki/Tin_Bow
Iron,/wiki/Iron_Bow
Lead,/wiki/Lead_Bow
Silver,/wiki/Silver_Bow
Tungsten,/wiki/Tungsten_Bow
Gold,/wiki/Gold_Bow
Platinum,/wiki/Platinum_Bow
Blood Rain,/wiki/Blood_Rain_Bow
Demon,/wiki/Demon_Bow
Tendon,/wiki/Tendon_Bow
Hellwing,/wiki/Hellwing_Bow
The Bee's Knees,/wiki/The_Bee%27s_Knees
Molten Fury,/wiki/Molten_Fury
Marrow,/wiki/Marrow
Phantom Phoenix,/wiki/Phantom_Phoenix
Daedalus Stormbow,/wiki/Daedalus_Stormbow
Ice,/wiki/Ice_Bow
Shadowflame,/wiki/Shadowflame_Bow
Aerial Bane,/wiki/Aerial_Bane
Tsunami,/wiki/Tsunami
Pulse,/wiki/Pulse_Bow
Eventide,/wiki/Eventide
Phantasm,/wiki/Phantasm
Sharanga,/wiki/Sharanga
Repeaters,/wiki/Repeaters
Cobalt,/wiki/Cobalt_Repeater
Palladium,/wiki/Palladium_Repeater
Mythril,/wiki/Mythril_Repeater
Orichalcum,/wiki/Orichalcum_Repeater
Adamantite,/wiki/Adamantite_Repeater
Titanium,/wiki/Titanium_Repeater
Hallowed,/wiki/Hallowed_Repeater
Chlorophyte Shotbow,/wiki/Chlorophyte_Shotbow
Vulcan,/wiki/Vulcan_Repeater
Bullet consuming,/wiki/Bullets
Manual Guns,/wiki/Guns
Flintlock Pistol,/wiki/Flintlock_Pistol
Boomstick,/wiki/Boomstick
The Undertaker,/wiki/The_Undertaker
Handgun,/wiki/Handgun
Shotgun,/wiki/Shotgun
Quad-Barrel Shotgun,/wiki/Quad-Barrel_Shotgun
Revolver,/wiki/Revolver
Phoenix Blaster,/wiki/Phoenix_Blaster
Onyx Blaster,/wiki/Onyx_Blaster
Venus Magnum,/wiki/Venus_Magnum
Sniper Rifle,/wiki/Sniper_Rifle
Egg Cannon,/wiki/Egg_Cannon
Minishark,/wiki/Minishark
Pew-matic Horn,/wiki/Pew-matic_Horn
Clockwork Assault Rifle,/wiki/Clockwork_Assault_Rifle
Red Ryder,/wiki/Red_Ryder
Gatligator,/wiki/Gatligator
Megashark,/wiki/Megashark
Musket,/wiki/Musket
Tactical Shotgun,/wiki/Tactical_Shotgun
Uzi,/wiki/Uzi
Chain Gun,/wiki/Chain_Gun
Xenopopper,/wiki/Xenopopper
Vortex Beater,/wiki/Vortex_Beater
S.D.M.G.,/wiki/S.D.M.G.
Rocket consuming,/wiki/Rocket
Proximity Mine Launcher,/wiki/Proximity_Mine_Launcher
Rocket Launcher,/wiki/Rocket_Launcher
Grenade Launcher,/wiki/Grenade_Launcher
Snowman Cannon,/wiki/Snowman_Cannon
Electrosphere Launcher,/wiki/Electrosphere_Launcher
Celebration,/wiki/Celebration
Celebration Mk2,/wiki/Celebration_Mk2
Alternate Ammo,/wiki/Ammunition
Arrows,/wiki/Arrows
Stake Launcher,/wiki/Stake_Launcher
Bullets,/wiki/Bullets
Candy Corn Rifle,/wiki/Candy_Corn_Rifle
Coin Gun,/wiki/Coin_Gun
Rockets,/wiki/Rocket
Stynger,/wiki/Stynger
Jack 'O Lantern Launcher,/wiki/Jack_%27O_Lantern_Launcher
Nail Gun,/wiki/Nail_Gun
Darts,/wiki/Darts
Blowpipe,/wiki/Blowpipe
Blowgun,/wiki/Blowgun
Dart Pistol,/wiki/Dart_Pistol
Dart Rifle,/wiki/Dart_Rifle
Gel,/wiki/Gel
Flamethrower,/wiki/Flamethrower
Elf Melter,/wiki/Elf_Melter
Ale Tosser,/wiki/Ale_Tosser
Bone Glove,/wiki/Bone_Glove
Flare Gun,/wiki/Flare_Gun
Sandgun,/wiki/Sandgun
Snowball Cannon,/wiki/Snowball_Cannon
Star Cannon,/wiki/Star_Cannon
Super Star Shooter,/wiki/Super_Star_Shooter
Water Gun,/wiki/Water_Gun
Slime Gun,/wiki/Slime_Gun
Paintball Gun,/wiki/Paintball_Gun
Harpoon,/wiki/Harpoon
Piranha Gun,/wiki/Piranha_Gun
Toxikarp,/wiki/Toxikarp
Paper Airplanes,/wiki/Paper_Airplanes
Snowball,/wiki/Snowball
Rotten Egg,/wiki/Rotten_Egg
Shuriken,/wiki/Shuriken
Throwing Knife,/wiki/Throwing_Knife
Bone,/wiki/Bone_Throwing_Knife
Poisoned,/wiki/Poisoned_Knife
Star Anise,/wiki/Star_Anise
Spiky Ball,/wiki/Spiky_Ball
Frost Daggerfish,/wiki/Frost_Daggerfish
Javelin,/wiki/Javelin
Bone,/wiki/Bone_Javelin
Holy Water,/wiki/Holy_Water
Unholy,/wiki/Unholy_Water
Blood,/wiki/Blood_Water
Bone,/wiki/Bone
Molotov Cocktail,/wiki/Molotov_Cocktail
Beenade,/wiki/Beenade
Grenade,/wiki/Grenade
Sticky,/wiki/Sticky_Grenade
Bouncy,/wiki/Bouncy_Grenade
Happy,/wiki/Happy_Grenade
Gem Staves,/wiki/Gem_staves
Amethyst Staff,/wiki/Amethyst_Staff
Topaz Staff,/wiki/Topaz_Staff
Sapphire Staff,/wiki/Sapphire_Staff
Emerald Staff,/wiki/Emerald_Staff
Amber Staff,/wiki/Amber_Staff
Ruby Staff,/wiki/Ruby_Staff
Diamond Staff,/wiki/Diamond_Staff
Wand of Sparking,/wiki/Wand_of_Sparking
Gray Zapinator,/wiki/Gray_Zapinator
Aqua Scepter,/wiki/Aqua_Scepter
Thunder Zapper,/wiki/Thunder_Zapper
Space Gun,/wiki/Space_Gun
Ice Rod,/wiki/Ice_Rod
Golden Shower,/wiki/Golden_Shower
Demon Scythe,/wiki/Demon_Scythe
Laser Rifle,/wiki/Laser_Rifle
Magic Dagger,/wiki/Magic_Dagger
Orange Zapinator,/wiki/Orange_Zapinator
Sky Fracture,/wiki/Sky_Fracture
Shadowflame Hex Doll,/wiki/Shadowflame_Hex_Doll
Crystal Serpent,/wiki/Crystal_Serpent
Leaf Blower,/wiki/Leaf_Blower
Frost Staff,/wiki/Frost_Staff
Poison Staff,/wiki/Poison_Staff
Razorpine,/wiki/Razorpine
Heat Ray,/wiki/Heat_Ray
Venom Staff,/wiki/Venom_Staff
Unholy Trident,/wiki/Unholy_Trident
Bubble Gun,/wiki/Bubble_Gun
Laser Machinegun,/wiki/Laser_Machinegun
Charged Blaster Cannon,/wiki/Charged_Blaster_Cannon
Last Prism,/wiki/Last_Prism
Betsy's Wrath,/wiki/Betsy%27s_Wrath
Zapinator,/wiki/Zapinator
Vilethorn,/wiki/Vilethorn
Nettle Burst,/wiki/Nettle_Burst
Crimson Rod,/wiki/Crimson_Rod
Nimbus Rod,/wiki/Nimbus_Rod
Clinger Staff,/wiki/Clinger_Staff
Crystal Vile Shard,/wiki/Crystal_Vile_Shard
Blood Thorn,/wiki/Blood_Thorn
Magnet Sphere,/wiki/Magnet_Sphere
Rainbow Gun,/wiki/Rainbow_Gun
Inferno Fork,/wiki/Inferno_Fork
Toxic Flask,/wiki/Toxic_Flask
Tome of Infinite Wisdom,/wiki/Tome_of_Infinite_Wisdom
Resonance Scepter,/wiki/Resonance_Scepter
Bee Gun,/wiki/Bee_Gun
Book of Skulls,/wiki/Book_of_Skulls
Weather Pain,/wiki/Weather_Pain
Medusa Head,/wiki/Medusa_Head
Spirit Flame,/wiki/Spirit_Flame
Wasp Gun,/wiki/Wasp_Gun
Bat Scepter,/wiki/Bat_Scepter
Razorblade Typhoon,/wiki/Razorblade_Typhoon
Nightglow,/wiki/Nightglow
Stellar Tune,/wiki/Stellar_Tune
Spectre Staff,/wiki/Spectre_Staff
Nebula Blaze,/wiki/Nebula_Blaze
Nebula Arcanum,/wiki/Nebula_Arcanum
Water Bolt,/wiki/Water_Bolt
Flower of Fire,/wiki/Flower_of_Fire
Crystal Storm,/wiki/Crystal_Storm
Cursed Flames,/wiki/Cursed_Flames
Flower of Frost,/wiki/Flower_of_Frost
Magical Harp,/wiki/Magical_Harp
Staff of Earth,/wiki/Staff_of_Earth
Shadowbeam Staff,/wiki/Shadowbeam_Staff
Magic Missile,/wiki/Magic_Missile
Flamelash,/wiki/Flamelash
Meteor Staff,/wiki/Meteor_Staff
Rainbow Rod,/wiki/Rainbow_Rod
Life Drain,/wiki/Life_Drain
Blizzard Staff,/wiki/Blizzard_Staff
Lunar Flare,/wiki/Lunar_Flare
Finch Staff,/wiki/Finch_Staff
Slime Staff,/wiki/Slime_Staff
Flinx Staff,/wiki/Flinx_Staff
Abigail's Flower,/wiki/Abigail%27s_Flower
Vampire Frog Staff,/wiki/Vampire_Frog_Staff
Hornet Staff,/wiki/Hornet_Staff
Imp Staff,/wiki/Imp_Staff
Blade Staff,/wiki/Blade_Staff
Spider Staff,/wiki/Spider_Staff
Sanguine Staff,/wiki/Sanguine_Staff
Optic Staff,/wiki/Optic_Staff
Pirate Staff,/wiki/Pirate_Staff
Pygmy Staff,/wiki/Pygmy_Staff
Desert Tiger Staff,/wiki/Desert_Tiger_Staff
Raven Staff,/wiki/Raven_Staff
Deadly Sphere Staff,/wiki/Deadly_Sphere_Staff
Tempest Staff,/wiki/Tempest_Staff
Terraprisma,/wiki/Terraprisma
Xeno Staff,/wiki/Xeno_Staff
Stardust Cell Staff,/wiki/Stardust_Cell_Staff
Stardust Dragon Staff,/wiki/Stardust_Dragon_Staff
Houndius Shootius,/wiki/Houndius_Shootius
Queen Spider Staff,/wiki/Queen_Spider_Staff
Staff of the Frost Hydra,/wiki/Staff_of_the_Frost_Hydra
Lunar Portal Staff,/wiki/Lunar_Portal_Staff
Rainbow Crystal Staff,/wiki/Rainbow_Crystal_Staff
Ballista Cane/Rod/Staff,/wiki/Ballista_sentry_summons
Explosive Trap Cane/Rod/Staff,/wiki/Explosive_Trap_sentry_summons
Flameburst Cane/Rod/Staff,/wiki/Flameburst_sentry_summons
Lightning Aura Cane/Rod/Staff,/wiki/Lightning_Aura_sentry_summons
Whips,/wiki/Whips
Leather Whip,/wiki/Leather_Whip
Snapthorn,/wiki/Snapthorn
Spinal Tap,/wiki/Spinal_Tap
Firecracker,/wiki/Firecracker
Cool Whip,/wiki/Cool_Whip
Durendal,/wiki/Durendal
Dark Harvest,/wiki/Dark_Harvest
Morning Star,/wiki/Morning_Star
Kaleidoscope,/wiki/Kaleidoscope
Bone Glove,/wiki/Bone_Glove
Ale Tosser,/wiki/Ale_Tosser
Snowball,/wiki/Snowball
Shuriken,/wiki/Shuriken
Star Anise,/wiki/Star_Anise
Rotten Egg,/wiki/Rotten_Egg
Throwing Knife,/wiki/Throwing_Knife
Poisoned,/wiki/Poisoned_Knife
Bone,/wiki/Bone_Throwing_Knife
Grenade,/wiki/Grenade
Bee,/wiki/Beenade
Happy,/wiki/Happy_Grenade
Sticky,/wiki/Sticky_Grenade
Bouncy,/wiki/Bouncy_Grenade
Spiky Ball,/wiki/Spiky_Ball
Javelin,/wiki/Javelin
Bone,/wiki/Bone_Javelin
Frost Daggerfish,/wiki/Frost_Daggerfish
Bone,/wiki/Bone
Molotov Cocktail,/wiki/Molotov_Cocktail
Explosive,/wiki/Explosives_(class)
Bomb,/wiki/Bomb
Sticky,/wiki/Sticky_Bomb
Bouncy,/wiki/Bouncy_Bomb
Scarab,/wiki/Scarab_Bomb
Dynamite,/wiki/Dynamite
Sticky,/wiki/Sticky_Dynamite
Bouncy,/wiki/Bouncy_Dynamite
Bomb Fish,/wiki/Bomb_Fish
Holy Hand Grenade,/wiki/Holy_Hand_Grenade
Snowball Launcher,/wiki/Snowball_Launcher
Cannon,/wiki/Cannon
Bunny Cannon,/wiki/Bunny_Cannon
Land Mine,/wiki/Land_Mine
Traps,/wiki/Traps
Lava,/wiki/Lava
